{"accuracy": [0.7605666518211365, 0.8586000204086304, 0.877916693687439, 0.8888000249862671, 0.8965333104133606, 0.9031999707221985, 0.9094833135604858, 0.9139500260353088, 0.9186499714851379, 0.9210500121116638, 0.9262499809265137, 0.930233359336853, 0.9337833523750305, 0.9367499947547913, 0.9395999908447266], "loss": [0.6658154726028442, 0.39917290210723877, 0.34198254346847534, 0.3078894019126892, 0.288410484790802, 0.2691535949707031, 0.2520177662372589, 0.23984044790267944, 0.22350814938545227, 0.21554052829742432, 0.2027556598186493, 0.19090071320533752, 0.18269537389278412, 0.17284399271011353, 0.16439418494701385], "val_accuracy": [0.8416000008583069, 0.8720999956130981, 0.8816999793052673, 0.8743000030517578, 0.8968999981880188, 0.9014000296592712, 0.8960999846458435, 0.9077000021934509, 0.9017999768257141, 0.9115999937057495, 0.9053999781608582, 0.9090999960899353, 0.9104999899864197, 0.9111999869346619, 0.9143999814987183], "val_loss": [0.43448978662490845, 0.357856422662735, 0.3295077979564667, 0.33581334352493286, 0.2879786491394043, 0.27202844619750977, 0.28061220049858093, 0.25744208693504333, 0.27255332469940186, 0.25099480152130127, 0.2656289339065552, 0.2556137144565582, 0.25182753801345825, 0.2502630054950714, 0.25346753001213074]}